{
  "default": {
    "vector": [
      0.0001962987589649856,
      0.0007956806221045554,
      0.7176908850669861,
      0.30028194189071655,
      0.5780039429664612,
      0.18757908046245575,
      0.1589321494102478,
      0.01216316781938076,
      0.006904317066073418,
      0.003672217018902302,
      0.0025609424337744713,
      0.00046684854896739125
    ],
    "samples": 4
  }
}